Year,Consumption(year)
2014,213807755.90999997
2015,223874652.7149569
2016,226163913.82999995
2017,225737043.39
2018,227441104.43999997
2019,228321302.55
2020,229265315.4
2020,229265315.4
